title,issn,id,area,rank,library
American Economic Journal: Applied Economics,1945-7782,34809,Development Economics,A,3050
Journal of Development Economics,0304-3878,864,Development Economics,A,3050
Journal of Public Economics,0047-2727,5802,Development Economics,A,3050
RAND Journal of Economics,0741-6261,6796,Development Economics,A,3050
American Economic Journal: Economic Policy,1945-7731,34812,Development Economics,B,3050
Brookings Papers on Economic Activity,0007-2303,10838,Development Economics,B,3050
China Economic Review,1043-951X,6984,Development Economics,B,3050
Economic Development and Cultural Change,0013-0079,33283,Development Economics,B,215
Gender and Education,0954-0253,16786,Development Economics,B,215
International Journal of Industrial Organization,0167-7187,6040,Development Economics,B,3050
Journal of Comparative Economics,0147-5967,1741,Development Economics,B,3050
Journal of Development Studies,0022-0388,16574,Development Economics,B,3050
Journal of Economic Growth,1381-4338,2128,Development Economics,B,215
Journal of Economics & Management Strategy,1058-6407,7133,Development Economics,B,3050
Journal of Industrial Economics,0022-1821,6904,Development Economics,B,3050
Journal of Real Estate Finance and Economics,0895-5638,6540,Development Economics,B,3050
Journal of Regulatory Economics,0922-680X,4735,Development Economics,B,3050
Real Estate Economics,1080-8620,6066,Development Economics,B,3050
Review of Income and Wealth,0034-6586,11271,Development Economics,B,3050
World Bank Economic Review,0258-6770,10482,Development Economics,B,3050
World Development,0305-750X,4151,Development Economics,B,3050
B.E. Journal of Economic Analysis & Policy,1935-1682,38764,Development Economics,C,3050
China & World Economy,1671-2234,7638,Development Economics,C,3050
Economics & Politics,0954-1985,4551,Development Economics,C,3050
Economics of Transition and Institutional Change,2577-6975,369229,Development Economics,C,3050
Fiscal Studies,0143-5671,5208,Development Economics,C,3050
Information Economics and Policy,0167-6245,4908,Development Economics,C,3050
International Journal of the Economics of Business,1357-1516,17082,Development Economics,C,866
Journal of African Economies,0963-8024,10486,Development Economics,C,3050
Journal of Economic Inequality,1569-1721,5187,Development Economics,C,3050
Journal of Housing Economics,1051-1377,1934,Development Economics,C,3050
Journal of International Development,0954-1748,13032,Development Economics,C,3050
Journal of Real Estate Research,0896-5803,440577,Development Economics,C,215
Journal of Revenue and Pricing Management,1476-6930,10633,Development Economics,C,3050
Managerial and Decision Economics,0143-6570,12567,Development Economics,C,3050
Manchester School,1463-6786,5487,Development Economics,C,3050
National Tax Journal,0028-0283,74150,Development Economics,C,215
Oxford Development Studies,1360-0818,16925,Development Economics,C,3050
Post Communist Economies,1463-1377,17143,Development Economics,C,215
Review of Development Economics,1363-6669,6118,Development Economics,C,3050
Review of Economics of the Household,1569-5239,4758,Development Economics,C,3050
Review of Industrial Organization,0889-938X,4420,Development Economics,C,215
Review of Network Economics,2194-5993,32662,Development Economics,C,215
Asian Economic Journal,1351-3958,4284,Development Economics,D,215
China Economic Journal,1753-8963,17766,Development Economics,D,554
Comparative Economic Studies,0888-7233,10574,Development Economics,D,215
Economic and Political Studies,2095-4816,350537,Development Economics,D,215
Economic Change and Restructuring,1573-9414,4297,Development Economics,D,215
International Journal of Strategic Property Management,1648-715X,64556,Development Economics,D,215
Journal of Property Investment & Finance,1463-578X,10079,Development Economics,D,215
Telecommunications Policy,0308-5961,5376,Development Economics,D,215
Entrepreneurship Theory and Practice,1042-2587,11092,Management,A,215
Journal of Business Venturing,0883-9026,5389,Management,A,215
Strategic Entrepreneurship Journal,1932-4391,12947,Management,A,215
Entrepreneurship and Regional Development,0898-5626,16840,Management,B,215
Family Business Review,0894-4865,3513,Management,B,215
International Small Business Journal,0266-2426,845,Management,B,215
Journal of Small Business Management,0047-2778,38909,Management,B,853
Small Business Economics,0921-898X,4459,Management,B,215
Entrepreneurship Research Journal,2194-6175,32690,Management,C,215
International Entrepreneurship and Management Journal,1554-7191,2734,Management,C,215
International Journal of Entrepreneurial Behaviour & Research,1355-2554,10029,Management,C,215
Journal of Business Venturing Insights,2352-6734,66644,Management,C,230
Journal of Family Business Strategy,1877-8585,573,Management,C,230
International Journal of Entrepreneurship and Innovation,1465-7503,40597,Management,D,866
International Journal of Entrepreneurship and Innovation Management,1368-275X,158338,Management,D,866
International Journal of Gender and Entrepreneurship,1756-6266,10232,Management,D,230
International Journal of Globalisation and Small Business,1479-3059,157404,Management,D,371
Journal of Enterprising Culture,0218-4958,39454,Management,D,371
Journal of Entrepreneurship,0971-3557,4104,Management,D,371
Journal of International Entrepreneurship,1570-7385,5174,Management,D,371
Journal of Small Business & Entrepreneurship,0827-6331,68521,Management,D,371
Journal of Small Business and Enterprise Development,1462-6004,10133,Management,D,371
Risk Analysis,0272-4332,11429,Management,A,371
Accident Analysis and Prevention,0001-4575,4943,Management,B,371
Disasters,0361-3666,4494,Management,B,371
Journal of Risk,1465-1211,68439,Management,B,371
Journal of Risk and Uncertainty,0895-5646,4511,Management,B,371
Journal of Safety Research,0022-4375,6680,Management,B,371
Proceedings of the Institution of Mechanical Engineers Part O-Journal of Risk and Reliability,1748-006X,5430,Management,B,371
Reliability Engineering & System Safety,0951-8320,7146,Management,B,371
Safety Science,0925-7535,3113,Management,B,371
Security Dialogue,0967-0106,1227,Management,B,371
Disaster Prevention and Management,0965-3562,9997,Management,C,371
International Journal of Disaster Risk Reduction,2212-4209,64049,Management,C,371
International Journal of Disaster Risk Science ,2095-0055,4618,Management,C,371
Journal of Operational Risk,1744-6740,68102,Management,C,371
Journal of Risk Research,1366-9877,17004,Management,C,371
Journal of Credit Risk,1744-6619,66902,Management,D,371
Journal of Loss Prevention in the Process Industries,0950-4230,6309,Management,D,371
Journal of Risk Model Validation,1753-9579,68446,Management,D,371
Risk Management,1460-3799,10626,Management,D,371
European Journal of Operational Research,0377-2217,6925,Management,A,371
Frontiers of Engineering Management,2095-7513,147684,Management,A,371
IISE Transactions,2472-5862,243646,Management,A,371
Construction Management and Economics,0144-6193,17071,Management,B,371
IEEE Transactions on Engineering Management,0018-9391,336,Management,B,371
International Journal of Project Management,0263-7863,4843,Management,B,371
Journal of Civil Engineering and Management,1392-3730,194987,Management,B,371
Journal of Construction Engineering and Management,0733-9364,32415,Management,B,371
Journal of Management in Engineering,0742-597X,32431,Management,B,371
Journal of Quality Technology,0022-4065,366139,Management,B,371
Building Research and Information,0961-3218,15646,Management,C,371
Construction Innovation,1471-4175,10106,Management,C,371
Engineering Construction and Architectural Management,0969-9988,9972,Management,C,371
International Journal of Quality & Reliability Management,0265-671X,10108,Management,C,371
Journal of Computing in Civil Engineering,0887-3801,32413,Management,C,371
Journal of Infrastructure Systems,1076-0342,32419,Management,C,371
Project Management Journal,8756-9728,12943,Management,C,371
Total Quality Management & Business Excellence,1478-3363,15741,Management,C,371
Engineering Management Journal,1042-9247,56975,Management,D,371
Engineering Sustainability,1478-4629,39911,Management,D,371
International Journal of Construction Management,1562-3599,64003,Management,D,371
International Journal of Managing Projects in Business,1753-8378,10202,Management,D,371
Journal of Public Administration Research and Theory,1053-1858,10306,Management,A,371
Public Administration,0033-3298,5830,Management,A,371
Public Administration Review,0033-3352,6025,Management,A,371
Public Management Review,1471-9037,17166,Management,A,371
Administration & Society,0095-3997,8686,Management,B,371
American Review of Public Administration,0275-0740,1496,Management,B,371
Governance,0952-1895,4084,Management,B,371
Government Information Quarterly,0740-624X,6948,Management,B,371
International Public Management Journal,1096-7494,15721,Management,B,371
Journal of Policy Analysis and Management,0276-8739,12413,Management,B,371
Nonprofit and Voluntary Sector Quarterly,0899-7640,857,Management,B,371
Policy and Politics,0305-5736,78275,Management,B,371
Public Opinion Quarterly,0033-362X,10431,Management,B,371
Regulation & Governance,1748-5983,707,Management,B,371
Australian Journal of Public Administration,0313-6647,11070,Management,C,371
Financial Accountability & Management,0267-4424,4025,Management,C,371
International Journal of Public Administration,0190-0692,17270,Management,C,371
International Journal of Public Opinion Research,0954-2892,10520,Management,C,371
International Review of Administrative Sciences,0020-8523,1240,Management,C,371
Journal of Asian Public Policy,1751-6234,17785,Management,C,371
Journal of Chinese Governance,2381-2346,152366,Management,C,215
Journal of Comparative Policy Analysis,1387-6988,16657,Management,C,215
Journal of Contemporary China,1067-0564,17105,Management,C,215
Journal of Policy Modeling,0161-8938,1448,Management,C,215
Journal of Public Policy,0143-814X,19016,Management,C,215
Local Government Studies,0300-3930,16619,Management,C,215
Nonprofit Management & Leadership,1048-6682,12290,Management,C,215
Policy Sciences,0032-2687,3933,Management,C,215
Policy Studies,0144-2872,16796,Management,C,215
Policy Studies Journal,0190-292X,6552,Management,C,215
Public Administration and Development,0271-2075,12563,Management,C,215
Public Money & Management,0954-0962,5976,Management,C,215
Public Performance & Management Review,1530-9576,79761,Management,C,72
Public Policy and Administration,0952-0767,5931,Management,C,215
Social Policy & Administration,0144-5596,9184,Management,C,215
Voluntas,0957-8765,1314,Management,C,215
Global Public Policy and Governance,2730-6291,446555,Management,D,215
International Journal of Public Sector Management,0951-3558,10020,Management,D,215
International Review of Public Administration,1229-4659,64749,Management,D,853
Journal of Non Profit and Public Sector Marketing,1049-5142,16118,Management,D,866
Review of Policy Research,1541-132X,6151,Management,D,215
Journal of International Business Studies,0047-2506,10571,Other,A,215
Journal of World Business,1090-9516,4971,Other,A,866
Asia Pacific Journal of Management,0217-4561,3630,Other,B,215
Australian Journal of International Affairs,1035-7718,17097,Other,B,72
Economy and Society,0308-5147,17161,Other,B,215
European Journal of International Relations,1354-0661,1311,Other,B,215
International Affairs,0020-5850,4969,Other,B,215
International Business Review,0969-5931,631,Other,B,215
International Studies Quarterly,0020-8833,5015,Other,B,215
Journal of Conflict Resolution,0022-0027,2351,Other,B,215
Journal of European Public Policy,1350-1763,16984,Other,B,215
Journal of International Management,1075-4253,661,Other,B,866
Journal of Social Policy,0047-2794,18965,Other,B,215
Management International Review,0938-8249,1381,Other,B,215
Review of International Political Economy,0969-2290,16987,Other,B,215
Socio-Economic Review,1475-1461,10311,Other,B,215
African Affairs,0001-9909,10518,Other,C,215
Business and Politics,1469-3569,32497,Other,C,215
Capital Markets Law Journal,1750-7219,10509,Other,C,215
China Journal,1324-9347,33441,Other,C,215
China Quarterly,0305-7410,19033,Other,C,215
Chinese Management Studies,1750-614X,10182,Other,C,215
Competition and Change,1024-5294,36351,Other,C,866
Development and Change,0012-155X,11129,Other,C,866
Europe-Asia Studies,0966-8136,17198,Other,C,215
International Journal of Conflict Management,1044-4068,10193,Other,C,866
Journal of Common Market Studies,0021-9886,825,Other,C,866
Journal of European Social Policy,0958-9287,7274,Other,C,866
Journal of International Economic Law,1369-3034,10373,Other,C,866
Journal of World Investment & Trade,1660-7112,9812,Other,C,866
Journal of World Trade,1011-6702,38486,Other,C,866
Legal Issues of Economic Integration,1566-6573,38493,Other,C,866
Multinational Business Review,1525-383X,9943,Other,C,866
New Political Economy,1356-3467,17107,Other,C,866
Public Relations Review,0363-8111,5257,Other,C,72
Review of Social Economy,0034-6764,17132,Other,C,866
Studies in Comparative International Development,0039-3606,5546,Other,C,866
Third World Quarterly,0143-6597,16625,Other,C,866
Thunderbird International Business Review,1096-4762,12994,Other,C,866
Venture Capital,1369-1066,16951,Other,C,215
Asia Pacific Business Review,1360-2381,16607,Other,D,866
Asian Business & Management,1472-4782,10604,Other,D,72
Critical Perspectives on International Business,1742-2043,10070,Other,D,866
Cross Cultural & Strategic Management,2059-5794,100672,Other,D,866
International Journal of Cross Cultural Management,1470-5958,6974,Other,D,230
International Negotiation,1382-340X,9840,Other,D,230
International Trade Journal,0885-3908,16980,Other,D,866
Journal of East European Management Studies,0949-6181,66215,Other,D,230
Nankai Business Review International,2040-8749,10250,Other,D,230
Review of African Political Economy,0305-6244,16405,Other,D,230
American Economic Journal: Macroeconomics,1945-7707,34810,Economics,A,230
Journal of International Economics,0022-1996,5567,Economics,A,230
Journal of Monetary Economics,0304-3932,6659,Economics,A,230
Economic Policy,0266-4658,6404,Economics,B,230
IMF Economic Review,2041-4161,10570,Economics,B,215
Journal of Economic Dynamics and Control,0165-1889,4214,Economics,B,230
Macroeconomic Dynamics,1365-1005,19015,Economics,B,230
NBER Macroeconomics Annual,0889-3365,33443,Economics,B,866
Oxford Bulletin of Economics and Statistics,0305-9049,11857,Economics,B,230
Review of Economic Dynamics,1094-2025,647,Economics,B,230
Review of International Economics,0965-7576,11270,Economics,B,230
Applied Economics,0003-6846,17037,Economics,C,230
B.E. Journal of Macroeconomics,1935-1690,32597,Economics,C,230
Bulletin of Economic Research,0307-3378,4394,Economics,C,230
Economic Modelling,0264-9993,3936,Economics,C,230
Economic Systems,0939-3625,2832,Economics,C,230
Empirical Economics,0377-7332,2803,Economics,C,230
Journal of Economic Surveys,0950-0804,5182,Economics,C,230
Journal of Macroeconomics,0164-0704,3012,Economics,C,230
Journal of the Japanese and International Economies,0889-1583,2106,Economics,C,230
Open Economies Review,0923-7992,5799,Economics,C,230
Pacific Economic Review,1361-374X,5892,Economics,C,230
Review of World Economics,1610-2878,3791,Economics,C,230
Scottish Journal of Political Economy,0036-9292,6207,Economics,C,230
Structural Change and Economic Dynamics,0954-349X,5068,Economics,C,230
World Economy,0378-5920,6357,Economics,C,230
Applied Economics Letters,1350-4851,17048,Economics,D,230
Australian Economic Papers,0004-900X,3640,Economics,D,230
International Economic Journal,1016-8737,16611,Economics,D,866
Journal of Asian Economics,1049-0078,4550,Economics,D,866
Journal of International Trade and Economic Development,0963-8199,17072,Economics,D,215
Metroeconomica,0026-1386,5497,Economics,D,215
Portuguese Economic Journal,1617-982X,4898,Economics,D,215
Accounting Organizations and Society,0361-3682,6870,Accounting,A,215
Accounting Review,0001-4826,34781,Accounting,A,215
Contemporary Accounting Research,0823-9150,2655,Accounting,A,215
Journal of Accounting and Economics,0165-4101,4204,Accounting,A,215
Journal of Accounting Research,0021-8456,11189,Accounting,A,215
Review of Accounting Studies,1380-6653,2197,Accounting,A,215
Abacus,0001-3072,4131,Accounting,B,215
Accounting and Business Research,0001-4788,15650,Accounting,B,554
Accounting Auditing & Accountability Journal,0951-3574,10175,Accounting,B,215
Accounting Horizons,0888-7993,34772,Accounting,B,215
Auditing,0278-0380,34774,Accounting,B,215
Behavioral Research in Accounting,1050-4753,34773,Accounting,B,215
British Accounting Review,0890-8389,6474,Accounting,B,215
Corporate Governance: An International Review,0964-8410,5595,Accounting,B,215
Critical Perspectives on Accounting,1045-2354,6416,Accounting,B,866
European Accounting Review,0963-8180,17461,Accounting,B,215
International Journal of Accounting,1094-4060,2811,Accounting,B,215
Journal of Accounting and Public Policy,0278-4254,6837,Accounting,B,215
Journal of Accounting Literature,0737-4607,66289,Accounting,B,215
"Journal of Accounting, Auditing & Finance",0148-558X,7534,Accounting,B,215
Journal of Business Finance & Accounting,0306-686X,11181,Accounting,B,215
Journal of International Accounting Research,1542-6297,34778,Accounting,B,215
"Journal of International Accounting, Auditing and Taxation",1061-9518,6284,Accounting,B,866
Journal of Management Accounting Research,1049-2127,34779,Accounting,B,215
Journal of the American Taxation Association,0198-9073,34780,Accounting,B,215
Management Accounting Research,1044-5005,3117,Accounting,B,554
Accounting and Finance,0810-5391,11062,Accounting,C,215
Accounting and the Public Interest,1530-9320,34771,Accounting,C,215
Accounting in Europe,1744-9480,17636,Accounting,C,215
Accounting Research Journal,1030-9616,10220,Accounting,C,215
"Accounting, Economics, and Law: A Convivium",2152-2820,32719,Accounting,C,215
Advances in Accounting,0882-6110,7066,Accounting,C,866
Asia-Pacific Journal of Accounting & Economics,1608-1625,16128,Accounting,C,371
Australian Accounting Review,1835-2561,1663,Accounting,C,371
China Journal of Accounting Research,1755-3091,1213,Accounting,C,371
China Journal of Accounting Studies,2169-7213,152360,Accounting,C,371
Foundations and TrendsÂ® in Accounting,1554-0642,32123,Accounting,C,215
International Journal of Accounting Information Systems,1467-0895,4280,Accounting,C,866
International Journal of Auditing,1090-6738,11961,Accounting,C,866
Journal of Accounting & Organizational Change,1832-5912,10061,Accounting,C,230
Journal of Applied Accounting Research,0967-5426,10217,Accounting,C,230
Journal of Contemporary Accounting & Economics,1815-5669,7898,Accounting,C,230
Journal of Information Systems,0888-7985,34777,Accounting,C,72
Journal of International Financial Management & Accounting,0954-1314,11186,Accounting,C,72
Journal of Management Control,2191-4761,5066,Accounting,C,72
Managerial Auditing Journal,0268-6902,10130,Accounting,C,215
Qualitative Research in Accounting & Management,1176-6093,10062,Accounting,C,215
Research in Accounting Regulation,1052-0457,6743,Accounting,C,866
Sustainability Accounting Management and Policy Journal,2040-8021,9931,Accounting,C,866
Comptabilite Controle Audit,1262-2788,36230,Accounting,D,866
Social and Environmental Accountability Journal,0969-160X,15661,Accounting,D,371
Annals of Statistics,0090-5364,35925,Economics,A,371
Biometrika,0006-3444,10357,Economics,A,371
Econometric Theory,0266-4666,18976,Economics,A,371
Journal of Business & Economic Statistics,0735-0015,32478,Economics,A,371
Journal of Econometrics,0304-4076,4813,Economics,A,371
Journal of the American Statistical Association,0162-1459,40792,Economics,A,371
Journal of the Royal Statistical Society Series B-Stastistical Methodology,1369-7412,6332,Economics,A,371
Annals of Applied Statistics,1932-6157,35923,Economics,B,371
Biostatistics,1465-4644,10517,Economics,B,371
Computational Statistics & Data Analysis,0167-9473,5691,Economics,B,371
Econometric Reviews,0747-4938,17264,Economics,B,371
Econometrics Journal,1368-4221,6643,Economics,B,371
Journal of Applied Econometrics,0883-7252,12837,Economics,B,371
Journal of Computational and Graphical Statistics,1061-8600,32481,Economics,B,371
Journal of Multivariate Analysis,0047-259X,2532,Economics,B,371
Journal of the Royal Statistical Society Series A-Statistics in society,0964-1998,6269,Economics,B,371
Journal of the Royal Statistical Society Series C-Applied statistics,0035-9254,6369,Economics,B,371
Journal of Time Series Analysis,0143-9782,6436,Economics,B,371
Scandinavian Journal of Statistics,0303-6898,6605,Economics,B,371
Statistical Science,0883-4237,35927,Economics,B,371
Annals of the Institute of Statistical Mathematics,0020-3157,5550,Economics,C,371
Australian & New Zealand Journal of Statistics,1467-842X,11074,Economics,C,371
Canadian Journal of Statistics-Revue Canadienne De Statistique,1708-945X,12811,Economics,C,371
Electronic Journal of Statistics,1935-7524,35934,Economics,C,866
International Statistical Review,0306-7734,571,Economics,C,371
Journal of Applied Probability,0021-9002,35856,Economics,C,371
Journal of Applied Statistics,0266-4763,16763,Economics,C,371
Journal of Statistical Planning and Inference,0378-3758,4278,Economics,C,371
Multivariate Behavioral Research,0027-3171,16508,Economics,C,371
Statistica Neerlandica,0039-0402,6675,Economics,C,371
Statistics and Computing,0960-3174,6000,Economics,C,371
Statistics in Medicine,0277-6715,12408,Economics,C,371
Structural Equation Modeling,1070-5511,16525,Economics,C,371
Studies in Nonlinear Dynamics and Econometrics,1081-1826,32528,Economics,C,371
International Review of Applied Economics,0269-2171,16779,Economics,D,371
Statistical Analysis and Data Mining,1932-1864,12868,Economics,D,371
Statistical papers,0932-5026,3326,Economics,D,371
Statistics,0233-1888,17562,Economics,D,371
Transportation Research Part A: Policy and Practice,0965-8564,3312,Management,A,371
Transportation Research Part B: Methodological,0191-2615,3324,Management,A,371
Transportation Science,0041-1655,18339,Management,A,371
IEEE Transactions on Intelligent Transportation Systems,1524-9050,364,Management,B,371
Journal of Transport Geography,0966-6923,1541,Management,B,371
Transport Policy,0967-070X,3849,Management,B,371
Transport Reviews,0144-1647,16955,Management,B,371
Transportation Research Part C: Emerging Technologies,0968-090X,6395,Management,B,371
Transportation Research Part D: Transport and Environment,1361-9209,3443,Management,B,371
Transportation Research Part E: Logistics and Transportation Review,1366-5545,3459,Management,B,371
Transportation Research Part F: Traffic Psychology and Behaviour,1369-8478,6520,Management,B,371
EURO Journal on Transportation and Logistics,2192-4376,5828,Management,C,371
IEEE Intelligent Transportation Systems Magazine,1939-1390,423,Management,C,371
IET Intelligent Transport Systems,1751-956X,39572,Management,C,371
Journal of Air Transport Management,0969-6997,4890,Management,C,371
Journal of Intelligent Transportation Systems ,1547-2450,16753,Management,C,371
Maritime Policy & Management,0308-8839,16976,Management,C,371
Networks & Spatial Economics,1566-113X,6625,Management,C,371
Ocean & Coastal Management ,0964-5691,2550,Management,C,371
Research in Transportation Economics,0739-8859,3080,Management,C,371
Transportation,0049-4488,5397,Management,C,371
Transportmetrica A: Transport Science,2324-9935,88164,Management,C,371
Transportmetrica B: Transport Dynamics,2168-0566,152356,Management,C,371
European Transport Research Review,1867-0717,2207,Management,D,371
International Journal of Sustainable Transportation,1556-8318,17514,Management,D,371
Journal of Advanced Transportation,0197-6729,13026,Management,D,371
Journal of Transportation Engineering Part A-Systems,2473-2907,262231,Management,D,371
Promet-Traffic & Transportation,0353-5320,79509,Management,D,371
Transport,1648-4142,88155,Management,D,371
Transportation Letters: The International Journal of Transportation Research,1942-7867,36422,Management,D,371
Transportation Planning and Technology,0308-1060,16457,Management,D,371
Transportation Safety and Environment,2631-4428,360252,Management,D,371
Travel Behaviour and Society,2214-367X,88229,Management,D,371
Academy of Management Learning & Education,1537-260X,32058,Management,A,371
Economics of Education Review,0272-7757,6950,Management,B,371
Higher Education,0018-1560,5817,Management,B,371
Journal of Economic Education,0022-0485,17380,Management,B,215
Journal of Management Education,1052-5629,537,Management,B,371
Studies in Higher Education,0307-5079,16782,Management,B,371
Accounting Education,0963-9284,17049,Management,C,371
British Educational Research Journal,0141-1926,17025,Management,C,371
British Journal of Educational Technology,0007-1013,4325,Management,C,371
Environmental Education Research,1350-4622,16791,Management,C,371
INFORMS Transactions on Education,1532-0545,18330,Management,C,371
Issues in Accounting Education,0739-3172,34775,Management,C,371
Journal of Accounting Education,0748-5751,901,Management,C,371
Journal of Higher Education,0022-1546,10731,Management,C,371
Journal of School Psychology,0022-4405,6496,Management,C,371
Journal of Vocational Education and Training,1363-6820,17390,Management,C,371
Education Economics,0964-5292,17160,Management,D,371
Higher Education Quarterly,0951-5224,4688,Management,D,371
Information and Learning Sciences,2398-5348,262300,Management,D,371
"Journal of Hospitality, Leisure, Sport & Tourism Education",1473-8376,67416,Management,D,371
Journal of Management Development,0262-1711,10146,Management,D,371
Journal of Marketing Education,0273-4753,2548,Management,D,371
Journal of Finance,0022-1082,5188,Finance,A,371
Journal of Financial and Quantitative Analysis,0022-1090,19432,Finance,A,371
Journal of Financial Economics,0304-405X,1268,Finance,A,371
Review of Finance,1572-3097,10340,Finance,A,371
Review of Financial Studies,0893-9454,10483,Finance,A,371
European Financial Management,1354-7798,4014,Finance,B,371
Finance and Stochastics,0949-2984,3779,Finance,B,371
Financial Analysts Journal,0015-198X,58781,Finance,B,215
Financial Innovation,2199-4730,58801,Finance,B,371
Financial Management,0046-3892,627,Finance,B,371
Insurance: Mathematics and Economics,0167-6687,6484,Finance,B,371
International Review of Financial Analysis,1057-5219,7233,Finance,B,371
Journal of Banking & Finance,0378-4266,5305,Finance,B,371
Journal of Commodity Markets,2405-8513,66792,Finance,B,371
Journal of Corporate Finance,0929-1199,851,Finance,B,371
Journal of Empirical Finance,0927-5398,774,Finance,B,371
Journal of Financial Econometrics,1479-8409,10336,Finance,B,371
Journal of Financial Intermediation,1042-9573,1823,Finance,B,371
Journal of Financial Markets,1386-4181,5246,Finance,B,371
Journal of Financial Research,0270-2592,1518,Finance,B,371
Journal of Financial Stability,1572-3089,2652,Finance,B,371
Journal of Futures Markets,0270-7314,12331,Finance,B,371
Journal of International Money and Finance,0261-5606,867,Finance,B,371
Journal of Money Credit and Banking,0022-2879,5352,Finance,B,371
Journal of Portfolio Management,0095-4918,32102,Finance,B,371
Journal of Risk and Insurance,0022-4367,8839,Finance,B,371
Mathematical Finance,0960-1627,6503,Finance,B,371
Quantitative Finance,1469-7688,17292,Finance,B,371
Review of Asset Pricing Studies,2045-9920,10303,Finance,B,371
Review of Corporate Finance Studies,2046-9128,31344,Finance,B,371
Review of Quantitative Finance and Accounting,0924-865X,1102,Finance,B,371
Annals of Actuarial Science,1748-4995,20825,Finance,C,371
Annual Review of Financial Economics,1941-1367,34189,Finance,C,371
Asia Pacific Financial Markets,1573-6946,5947,Finance,C,371
ASTIN Bulletin,0515-0361,45625,Finance,C,371
China Finance Review International,2044-1398,9935,Finance,C,371
Corporate Governance: The International Journal of Business in Society,1472-0701,9959,Finance,C,371
Critical Finance Review,2164-5744,32142,Finance,C,371
Emerging Markets Review,1566-0141,7271,Finance,C,371
European Journal of Finance,1351-847X,17075,Finance,C,371
Finance Research Letters,1544-6123,2329,Finance,C,371
Financial Markets and Portfolio Management,1934-4554,38953,Finance,C,371
"Financial Markets, Institutions & Instruments",0963-8008,8615,Finance,C,371
Financial Review,0732-8516,4037,Finance,C,371
Geneva Papers on Risk and Insurance Issues and Practice,1018-5895,10573,Finance,C,371
Geneva Risk and Insurance Review,1554-964X,10600,Finance,C,371
Global Finance Journal,1044-0283,4098,Finance,C,371
International Journal of Finance & Economics,1076-9307,12736,Finance,C,371
International Journal of Theoretical and Applied Finance,0219-0249,39396,Finance,C,371
International Review of Economics & Finance,1059-0560,7194,Finance,C,371
International Review of Finance,1369-412X,4988,Finance,C,371
International Tax and Public Finance,0927-5940,1030,Finance,C,371
Journal of Behavioral Finance,1542-7560,16539,Finance,C,371
Journal of Derivatives,1074-1240,32105,Finance,C,371
Journal of Economics and Business,0148-6195,7051,Finance,C,371
Journal of Financial Services Research,0920-8550,4534,Finance,C,371
Journal of Fixed Income,1059-8596,32104,Finance,C,371
"Journal of International Financial Markets, Institutions & Money",1042-4431,4861,Finance,C,371
North American Actuarial Journal,1092-0277,75222,Finance,C,371
Pacific-Basin Finance Journal,0927-538X,7702,Finance,C,371
Public Finance Review,1091-1421,7103,Finance,C,371
Quarterly Review of Economics and Finance,1062-9769,2844,Finance,C,371
Review of Derivatives Research,1380-6645,2469,Finance,C,371
Review of Financial Economics,1058-3300,2157,Finance,C,371
Scandinavian Actuarial Journal,0346-1238,17183,Finance,C,371
SIAM Journal on Financial Mathematics,1945-497X,32267,Finance,C,371
Annals of Finance,1614-2446,616,Finance,D,371
Applied Mathematical Finance,1350-486X,17170,Finance,D,371
Finanzarchiv,0015-2218,38917,Finance,D,72
International Journal of Financial Engineering,2424-7863,164442,Finance,D,230
International Journal of Managerial Finance,1743-9132,10071,Finance,D,230
Journal of Applied Corporate Finance,1078-1196,5055,Finance,D,230
Journal of Asset Management,1470-8272,10619,Finance,D,230
Journal of Multinational Financial Management,1042-444X,1177,Finance,D,230
Journal of Risk Finance,1526-5943,10089,Finance,D,230
Managerial Finance,0307-4358,10072,Finance,D,230
Qualitative Research in Financial Markets,1755-4179,10230,Finance,D,230
Research in International Business and Finance,0275-5319,2660,Finance,D,230
Review of Accounting and Finance,1475-7702,10087,Finance,D,230
Journal of Economic History,0022-0507,18988,Economics,A,230
Journal of Economic Literature,0022-0515,34806,Economics,A,230
Business History,0007-6791,16610,Economics,B,215
Business History Review,0007-6805,19430,Economics,B,230
Economic History Review,0013-0117,7011,Economics,B,230
European Review of Economic History,1361-4916,10515,Economics,B,230
Explorations in Economic History,0014-4983,7201,Economics,B,230
Accounting History,1032-3732,4946,Economics,C,230
Accounting History Review,2155-2851,15702,Economics,C,215
Australian Economic History Review,0004-8992,11105,Economics,C,215
Cliometrica,1863-2505,2887,Economics,C,215
Enterprise & Society,1467-2227,10477,Economics,C,215
European Journal of the History of Economic Thought,0967-2567,17019,Economics,C,554
Financial History Review,0968-5650,19056,Economics,C,215
History of Political Economy,0018-2702,18269,Economics,C,215
Journal of Economic Methodology,1350-178X,17116,Economics,C,215
Journal of Management History,1751-1348,38968,Economics,C,215
Journal of Post Keynesian Economics,0160-3477,68269,Economics,C,215
Journal of the History of Economic Thought,1053-8372,18951,Economics,C,215
Labor History,0023-656X,17119,Economics,C,866
Labour History,0023-6942,70191,Economics,C,215
"Politics, Philosophy & Economics",1470-594X,902,Economics,C,215
Journal of Historical Research in Marketing,1755-750X,10228,Economics,D,215
Management and Organizational History,1744-9367,4926,Economics,D,215
Scandinavian Economic History Review,0358-5522,17656,Economics,D,215
Journal of Product Innovation Management,0737-6782,6963,Management,A,215
Research Policy,0048-7333,2108,Management,A,215
Industrial and Corporate Change,0960-6491,10481,Management,B,215
Journal of Technology Transfer,0892-9912,7020,Management,B,215
R & D Management,0033-6807,6998,Management,B,215
"Science, Technology & Human Values",0162-2439,7085,Management,B,215
Technovation,0166-4972,3290,Management,B,215
Creativity and Innovation Management,0963-1690,4410,Management,C,215
Economics of Innovation and New Technology,1043-8599,16371,Management,C,215
European Journal of Innovation Management,1460-1060,10127,Management,C,215
Evaluation,1356-3890,3049,Management,C,215
Futures,0016-3287,7868,Management,C,215
Industry and Innovation,1366-2716,17148,Management,C,853
Innovation-Organization & Management,1447-9338,63226,Management,C,554
International Journal of Technology Management,0267-5730,64572,Management,C,371
Journal of Engineering and Technology Management,0923-4748,5540,Management,C,866
Research Evaluation,0958-2029,10533,Management,C,853
Research Technology Management,0895-6308,81147,Management,C,853
Science and Public Policy,0302-3427,10532,Management,C,853
Science Technology and Society,0971-7218,4177,Management,C,853
Technological Forecasting and Social Change,0040-1625,3105,Management,C,215
Technology Analysis & Strategic Management,0953-7325,16798,Management,C,853
International Journal of Innovation and Technology Management,0219-8770,39448,Management,D,554
International Journal of Innovation Management,1363-9196,39382,Management,D,554
International Journal of Innovation Studies,2096-2487,320086,Management,D,554
Journal of High Technology Management Research,1047-8310,3598,Management,D,554
Journal of Labor Economics,0734-306X,33286,Labor Economics,A,554
Demography,0070-3370,8520,Labor Economics,B,554
International Migration Review,0197-9183,6772,Labor Economics,B,554
Journal of Human Capital,1932-8575,33322,Labor Economics,B,554
Journal of Human Resources,0022-166X,32213,Labor Economics,B,554
Journal of Population Economics,0933-1433,5667,Labor Economics,B,554
Journal of Population Research,1443-2447,2317,Labor Economics,B,554
Labour Economics,0927-5371,6343,Labor Economics,B,554
Population and Development Review,0098-7921,7302,Labor Economics,B,554
Demographic Research,1435-9871,54775,Labor Economics,C,866
Economics & Human Biology,1570-677X,6129,Labor Economics,C,215
Feminist Economics,1354-5701,17043,Labor Economics,C,215
International Migration,0020-7985,11169,Labor Economics,C,215
IZA Journal of Labor Economics,2193-8997,37288,Labor Economics,C,215
Population,0032-4663,36018,Labor Economics,C,215
Population Research and Policy Review,0167-5923,3515,Labor Economics,C,215
Population Studies,0032-4728,16408,Labor Economics,C,215
American Economic Journal: Microeconomics,1945-7669,34811,Economics,A,215
Games and Economic Behavior,0899-8256,746,Economics,A,215
Journal of Economic Theory,0022-0531,694,Economics,A,215
Theoretical Economics,1933-6837,32098,Economics,A,215
Economic Theory,0938-2259,5987,Economics,B,215
Experimental Economics,1386-4157,7366,Economics,B,215
Journal of Behavioral Decision Making,0894-3257,12525,Economics,B,215
Journal of Economic Behavior & Organization,0167-2681,4201,Economics,B,215
Journal of Mathematical Economics,0304-4068,5589,Economics,B,215
Social Choice and Welfare,0176-1714,7227,Economics,B,215
B.E. Journal of Theoretical Economics,1935-1704,32598,Economics,C,215
Dynamic Games and Applications,2153-0785,2905,Economics,C,215
International Journal of Economic Theory,1742-7355,5025,Economics,C,215
International Journal of Game Theory,0020-7276,9182,Economics,C,215
Journal of Behavioral and Experimental Economics,2214-8051,66557,Economics,C,215
Journal of Economic Psychology,0167-4870,6268,Economics,C,215
Journal of Institutional and Theoretical Economics,0932-4569,39971,Economics,C,215
Mathematical Social Sciences,0165-4896,4832,Economics,C,866
Review of Economic Design,1434-4742,2385,Economics,C,215
Theory and Decision,0040-5833,3939,Economics,C,215
Computational Economics,0927-7099,1019,Economics,D,215
Decisions in Economics and Finance,1593-8883,1992,Economics,D,215
International Game Theory Review,0219-1989,39385,Economics,D,866
Journal of Choice Modelling,1755-5345,66714,Economics,D,866
Journal of Economic Interaction and Coordination,1860-711X,1152,Economics,D,866
Journal of Travel Research,0047-2875,1589,Tourism Management,A,866
Tourism Management,0261-5177,5022,Tourism Management,A,866
Annals of Tourism Research,0160-7383,3383,Tourism Management,B,866
Cornell Hospitality Quarterly,1938-9663,6746,Tourism Management,B,866
Current Issues in Tourism,1368-3500,17410,Tourism Management,B,215
European Sport Management Quarterly,1618-4742,17316,Tourism Management,B,554
International Journal of Contemporary Hospitality Management,0959-6119,10111,Tourism Management,B,554
International Journal of Hospitality Management,0278-4319,5978,Tourism Management,B,554
Journal of Hospitality & Tourism Research,1096-3480,2642,Tourism Management,B,554
Journal of Leisure Research,0022-2216,40304,Tourism Management,B,554
Journal of Sustainable Tourism,0966-9582,17409,Tourism Management,B,554
Asia Pacific Journal of Tourism Research,1094-1665,16646,Tourism Management,C,554
Event Management,1525-9951,58055,Tourism Management,C,554
International Journal of Tourism Research,1099-2340,13003,Tourism Management,C,554
Journal of Destination Marketing & Management,2212-571X,66962,Tourism Management,C,554
Journal of Hospitality and Tourism Management,1447-6770,19780,Tourism Management,C,866
Journal of Hospitality Marketing & Management,1936-8623,17884,Tourism Management,C,554
Journal of Sport Management,0888-4773,35780,Tourism Management,C,554
Journal of Sports Economics,1527-0025,1118,Tourism Management,C,554
Journal of Travel & Tourism Marketing,1054-8408,16135,Tourism Management,C,554
Journal of Vacation Marketing,1356-7667,3850,Tourism Management,C,554
Leisure Sciences,0149-0400,16901,Tourism Management,C,554
Leisure Studies,0261-4367,17074,Tourism Management,C,554
Sport Management Review,1441-3523,6276,Tourism Management,C,554
Tourism Analysis,1083-5423,153139,Tourism Management,C,554
Tourism Economics,1354-8166,40593,Tourism Management,C,866
Tourism Geographies,1461-6688,17118,Tourism Management,C,215
Tourism Management Perspectives,2211-9736,6725,Tourism Management,C,866
Tourism Recreation Research,0250-8281,87870,Tourism Management,C,554
International Journal of Sports Marketing and Sponsorship,1464-6668,64549,Tourism Management,D,554
Journal of China Tourism Research,1938-8160,17850,Tourism Management,D,554
Journal of Hospitality and Tourism Technology,1757-9880,10247,Tourism Management,D,554
Journal of Quality Assurance in Hospitality & Tourism,1528-008X,16423,Tourism Management,D,554
Journal of Tourism and Cultural Change,1476-6825,17412,Tourism Management,D,554
Sport Marketing Quarterly,1061-6934,85759,Tourism Management,D,554
Tourism Review,1660-5373,10207,Tourism Management,D,554
American Journal of Agricultural Economics,0002-9092,10305,Agricultural Economics,A,554
Agricultural Economics,0169-5150,7036,Agricultural Economics,B,554
European Review of Agricultural Economics,0165-1587,10432,Agricultural Economics,B,554
Food Policy,0306-9192,6200,Agricultural Economics,B,554
Journal of Agricultural Economics,0021-857X,11913,Agricultural Economics,B,554
Applied Economic Perspectives and Policy,2040-5790,10307,Agricultural Economics,C,554
Australian Journal of Agricultural and Resource Economics,1467-8489,8626,Agricultural Economics,C,554
Canadian Journal of Agricultural Economics,0008-3976,5692,Agricultural Economics,C,554
China Agricultural Economic Review,1756-137X,10223,Agricultural Economics,C,554
Marine Policy,0308-597X,2673,Agricultural Economics,C,554
Marine Resource Economics,0738-1360,35553,Agricultural Economics,C,554
Agribusiness,0742-4477,12554,Agricultural Economics,D,554
Agricultural and Resource Economics Review,1068-2805,42065,Agricultural Economics,D,554
Economic Geography,0013-0095,6713,Economics,A,554
Journal of Urban Economics,0094-1190,2502,Economics,A,554
European Urban and Regional Studies,0969-7764,532,Economics,B,554
Global Networks,1470-2266,4654,Economics,B,554
Journal of Economic Geography,1468-2702,10478,Economics,B,554
Journal of Regional Science,0022-4146,5293,Economics,B,554
Journal of Rural Studies,0743-0167,5827,Economics,B,554
Journal of Urban Affairs,0735-2166,5429,Economics,B,554
Papers in Regional Science,1056-8190,9202,Economics,B,866
Regional Science and Urban Economics,0166-0462,2526,Economics,B,554
Regional Studies,0034-3404,16812,Economics,B,554
Urban Studies,0042-0980,4219,Economics,B,554
Annals of Regional Science,0570-1864,2782,Economics,C,554
Cambridge Journal of Regions Economy and Society,1752-1378,30937,Economics,C,554
Economic Development Quarterly,0891-2424,7113,Economics,C,554
Economic Systems Research,0953-5314,16994,Economics,C,554
Growth and Change,0017-4815,4677,Economics,C,554
International Journal of Urban and Regional Research,0309-1317,11168,Economics,C,554
International Regional Science Review,0160-0176,1049,Economics,C,554
Journal of Evolutionary Economics,0936-9937,2722,Economics,C,554
Journal of Productivity Analysis,0895-562X,4726,Economics,C,554
Progress in Human Geography,0309-1325,5702,Economics,C,554
Spatial Economic Analysis,1742-1772,17404,Economics,C,554
Human Resource Management,0090-4848,12435,Management,A,230
Human Resource Management Journal,0954-5395,6209,Management,A,230
Industrial Relations,0019-8676,4977,Management,A,230
British Journal of Industrial Relations,0007-1080,4338,Management,B,230
Business Ethics Quarterly,1052-150X,33487,Management,B,230
Human Communication Research,0360-3989,5891,Management,B,230
Human Resource Management Review,1053-4822,6239,Management,B,230
ILR Review,0019-7939,62941,Management,B,230
Industrial Law Journal,0305-9332,10347,Management,B,230
Industrial Relations Journal,0019-8692,8765,Management,B,230
International Journal of Human Resource Management,0958-5192,17460,Management,B,230
Journal of Business Ethics,0167-4544,7491,Management,B,230
New Technology Work and Employment,0268-1072,11240,Management,B,230
Work and Occupations,0730-8884,1289,Management,B,215
Work Employment and Society,0950-0170,5940,Management,B,215
Asia Pacific Journal of Human Resources,1038-4111,6392,Management,C,215
Business Ethics the Environment & Responsibility,2694-6424,431939,Management,C,215
Economic and Industrial Democracy,0143-831X,2471,Management,C,215
Employee Relations,0142-5455,10053,Management,C,215
European Journal of Industrial Relations,0959-6801,562,Management,C,215
Human Resource Development International,1367-8868,17070,Management,C,866
Human Resource Development Review,1534-4843,731,Management,C,215
International Journal of Manpower,0143-7720,10052,Management,C,215
International Journal of Selection and Assessment,0965-075X,4876,Management,C,215
International Labour Review,0020-7780,1167,Management,C,866
Journal of Industrial Relations,0022-1856,5004,Management,C,215
LABOUR: Review of Labour Economics and Industrial Relations,1467-9914,5434,Management,C,215
Personnel Review,0048-3486,10019,Management,C,215
Public Personnel Management,0091-0260,79762,Management,C,215
Relations Industrielles-Industrial Relations ,0034-379X,80867,Management,C,215
Review of Public Personnel Administration,0734-371X,589,Management,D,215
Journal of the Association for Information Science and Technology,2330-1635,38053,Library Science,A,215
Information Processing & Management,0306-4573,6226,Library Science,B,866
Journal of Documentation,0022-0418,10132,Library Science,B,215
Journal of Information Science,0165-5515,3419,Library Science,B,215
Journal of Informetrics,1751-1577,1880,Library Science,B,866
Learned Publishing,1741-4857,38717,Library Science,B,866
Library & Information science Research,0740-8188,6972,Library Science,B,866
Scientometrics,0138-9130,2836,Library Science,B,866
Journal of Academic Librarianship,0099-1333,3177,Library Science,C,866
Journal of Scholarly Publishing,1198-9742,38737,Library Science,C,866
Library Quarterly,0024-2519,33309,Library Science,C,866
Online Information Review,1468-4527,10047,Library Science,C,866
Quantitative Science Studies,2641-3337,369352,Library Science,C,866
Data and Information Management,2543-9251,290252,Library Science,D,215
Electronic Library,0264-0473,9991,Library Science,D,215
Journal of Data and Information Science,2096-157X,217737,Library Science,D,215
Journal of Librarianship and Information Science,0961-0006,3402,Library Science,D,215
Health Economics,1057-9230,12469,Economics,A,215
Journal of Health Economics,0167-6296,1281,Economics,A,215
American Journal of Health Economics,2332-3493,43028,Economics,B,215
American Journal of Public Health,0090-0036,34903,Economics,B,215
Health Services Research,0017-9124,6567,Economics,B,215
Medical Decision Making,0272-989X,780,Economics,B,215
Social Science & Medicine,0277-9536,3178,Economics,B,215
Sociology of Health & Illness,0141-9889,755,Economics,B,215
European Journal of Health Economics,1618-7598,35567,Economics,C,215
Health Care Management Review,0361-6274,30155,Economics,C,215
Health Care Management Science,1386-9620,2864,Economics,C,215
Health Policy,0168-8510,4191,Economics,C,215
International Journal of Health Economics and Management,2199-9023,64181,Economics,C,215
International Journal of Medical Informatics,1386-5056,595,Economics,C,215
International Journal of Technology Assessment in Health Care,0266-4623,18975,Economics,C,215
"Journal of Health Politics, Policy and Law",0361-6878,18270,Economics,C,215
Journal of Health Services Research & Policy,1355-8196,18301,Economics,C,215
Journal of the American Medical Informatics Association,1067-5027,18163,Economics,C,215
Medical Care,0025-7079,29982,Economics,C,215
Milbank Quarterly,0887-378X,6510,Economics,C,215
Occupational and Environmental Medicine,1351-0711,18144,Economics,C,215
PharmacoEconomics,1170-7690,35592,Economics,C,215
Quality of Life Research,0962-9343,6252,Economics,C,215
"Scandinavian Journal of Work, Environment & Health",0355-3140,83904,Economics,C,215
Applied Health Economics and Health Policy,1175-5652,35579,Economics,D,215
BMJ Quality & Safety,2044-5415,18122,Economics,D,215
Health Economics Policy and Law,1744-1331,19423,Economics,D,215
Health Promotion International,1460-2245,10447,Economics,D,215
Health Services Management Research,0951-4848,18302,Economics,D,215
Journal of Applied Psychology,0021-9010,21068,Other,A,215
Organizational Behavior and Human Decision Processes,0749-5978,1168,Other,A,215
Personnel Psychology,0031-5826,11427,Other,A,215
Psychological Science,0956-7976,4999,Other,A,215
Annual Review of Psychology,0066-4308,34149,Other,B,215
Applied Psychology,0269-994X,11795,Other,B,215
British Journal of Psychology,0007-1269,3481,Other,B,215
British Journal of Social Psychology,0144-6665,3502,Other,B,215
Current Directions in Psychological Science,0963-7214,5012,Other,B,215
European Journal of Social Psychology,0046-2772,12228,Other,B,215
Journal of Business and Psychology,0889-3268,4322,Other,B,215
Journal of Experimental Psychology Applied,1076-898X,21087,Other,B,215
Journal of Experimental Social Psychology,0022-1031,7667,Other,B,215
Journal of Occupational and Organizational Psychology,0963-1798,3412,Other,B,215
Journal of Occupational Health Psychology,1076-8998,21088,Other,B,215
Journal of Personality and Social Psychology,0022-3514,21302,Other,B,215
Journal of Vocational Behavior,0001-8791,904,Other,B,215
Personality and Social Psychology Bulletin,0146-1672,1995,Other,B,215
Psychological Bulletin,0033-2909,21076,Other,B,215
Psychology of Women Quarterly,0361-6843,7654,Other,B,215
Work and Stress,0267-8373,16913,Other,B,554
Acta Psychologica,0001-6918,3191,Other,C,215
Cognitive Psychology,0010-0285,1154,Other,C,215
Ergonomics,0014-0139,16833,Other,C,215
Group Dynamics-Theory research and practice,1089-2699,21299,Other,C,215
Human Performance,0895-9285,16487,Other,C,72
International Journal of Intercultural Relations,0147-1767,655,Other,C,215
Journal of Career Assessment,1069-0727,7364,Other,C,215
Journal of Cross-Cultural Psychology,0022-0221,7206,Other,C,215
Journal of Managerial Psychology,0268-3946,10003,Other,C,215
Personality and Individual Differences,0191-8869,783,Other,C,215
Psychological Research,0340-0727,3975,Other,C,215
Psychometrika,0033-3123,3891,Other,C,215
Quarterly Journal of Experimental Psychology,1747-0218,38711,Other,C,215
Small Group Research,1046-4964,6999,Other,C,215
Stress and Health,1532-3005,12621,Other,C,215
American Behavioral Scientist,0002-7642,2523,Other,D,215
Journal of Happiness Studies,1389-4978,2593,Other,D,215
Information Systems Research,1047-7047,18332,Information Systems,A,215
Journal of Management Information Systems,0742-1222,39974,Information Systems,A,215
MIS Quarterly,0276-7783,73097,Information Systems,A,215
ACM Transactions on Computer-Human Interaction,1073-0516,1285,Information Systems,B,215
ACM Transactions on Information Systems,1046-8188,1323,Information Systems,B,215
ACM Transactions on Knowledge Discovery from Data,1556-4681,1878,Information Systems,B,215
ACM Transactions on Management Information Systems,2158-656X,41112,Information Systems,B,215
Communications of the ACM,0001-0782,1460,Information Systems,B,215
Computers in Human Behavior,0747-5632,3737,Information Systems,B,215
Data & Knowledge Engineering,0169-023X,6050,Information Systems,B,866
Data Base for Advances in Information Systems,1532-0936,54530,Information Systems,B,215
Decision Support Systems,0167-9236,7204,Information Systems,B,866
European Journal of Information Systems,0960-085X,10590,Information Systems,B,554
IEEE Transactions on Knowledge and Data Engineering,1041-4347,367,Information Systems,B,866
IEEE Transactions on Software Engineering,0098-5589,318,Information Systems,B,866
Information & Management,0378-7206,7762,Information Systems,B,866
Information and Organization,1471-7727,7912,Information Systems,B,866
Information and Software Technology,0950-5849,4117,Information Systems,B,866
Information Sciences,0020-0255,7767,Information Systems,B,866
Information Society,0197-2243,16904,Information Systems,B,866
Information Systems Frontiers,1387-3326,7585,Information Systems,B,866
Information Systems Journal,1350-1917,4208,Information Systems,B,866
Information Technology & People,0959-3845,10170,Information Systems,B,866
International Journal of Electronic Commerce,1086-4415,64087,Information Systems,B,866
International Journal of Information Management,0268-4012,5871,Information Systems,B,866
Internet Research,1066-2243,10018,Information Systems,B,866
Journal of Information Technology,0268-3962,10598,Information Systems,B,866
Journal of Knowledge Management,1367-3270,10034,Information Systems,B,866
Journal of Strategic Information Systems,0963-8687,3256,Information Systems,B,866
ACM Computing Surveys,0360-0300,1224,Information Systems,C,866
Behaviour & Information Technology,0144-929X,15734,Information Systems,C,866
Business & Information Systems Engineering,1867-0202,42,Information Systems,C,866
Computer Supported Cooperative Work,0925-9724,1192,Information Systems,C,866
Computers & Security,0167-4048,5060,Information Systems,C,866
Computers in Industry,0166-3615,7141,Information Systems,C,866
Electronic Commerce Research,1389-5753,7311,Information Systems,C,866
Electronic Commerce Research and Applications,1567-4223,938,Information Systems,C,866
Electronic Markets,1019-6781,3858,Information Systems,C,866
Enterprise Information Systems,1751-7575,17497,Information Systems,C,554
Expert Systems,0266-4720,11140,Information Systems,C,866
Expert Systems with Applications,0957-4174,7659,Information Systems,C,866
Human-Computer Interaction,0737-0024,16486,Information Systems,C,866
Industrial Management & Data Systems,0263-5577,9987,Information Systems,C,866
Information Communication and Society,1369-118X,15739,Information Systems,C,866
Information Systems,0306-4379,4114,Information Systems,C,866
Information Systems and e-Business Management,1617-9846,772,Information Systems,C,866
Information Systems Management,1058-0530,17508,Information Systems,C,853
Information Technology and Management,1385-951X,7596,Information Systems,C,866
Information Technology for Development,0268-1102,16805,Information Systems,C,866
International Journal of Human-Computer Studies,1071-5819,1287,Information Systems,C,866
Journal of Compute-Mediated Communication,1083-6101,7223,Information Systems,C,866
Journal of Computer Information Systems,0887-4417,66838,Information Systems,C,554
Journal of Enterprise Information Management,1741-0398,9965,Information Systems,C,866
Journal of Global Information Management,1062-7375,67327,Information Systems,C,866
Journal of Manufacturing Systems,0278-6125,5491,Information Systems,C,866
Journal of Organizational Computing and Electronic Commerce,1091-9392,16503,Information Systems,C,866
Journal of Systems and Software,0164-1212,2019,Information Systems,C,866
Journal of the ACM,0004-5411,1241,Information Systems,C,866
Knowledge Management Research & Practice,1477-8238,10579,Information Systems,C,866
Knowledge-Based Systems,0950-7051,6331,Information Systems,C,866
Annals of Data Science,2198-5804,43856,Information Systems,D,866
Australasian Journal of Information Systems,1449-8618,42268,Information Systems,D,866
e-Service Journal,1528-8226,33337,Information Systems,D,230
International Journal of Knowledge Management,1548-0666,64263,Information Systems,D,215
Journal of Decision Systems,1246-0125,17683,Information Systems,D,230
Journal of Electronic Commerce in Organizations,1539-2937,67086,Information Systems,D,230
Journal of Organizational and End User Computing,1546-2234,68130,Information Systems,D,230
Academy of Management Journal,0001-4273,32052,Management,A,230
Academy of Management Review,0363-7425,32054,Management,A,230
Administrative Science Quarterly,0001-8392,8622,Management,A,230
Journal of Management,0149-2063,7627,Management,A,230
Journal of Management Studies,0022-2380,5237,Management,A,230
Management Science,0025-1909,18335,Management,A,230
Academy of Management Annals,1941-6520,17801,Management,B,230
Academy of Management Discoveries,2168-1007,159324,Management,B,230
Academy of Management Perspectives,1558-9080,32057,Management,B,230
British Journal of Management,1045-3172,4353,Management,B,230
Business & Society,0007-6503,1679,Management,B,230
Business Strategy and the Environment,0964-4733,12407,Management,B,230
California Management Review,0008-1256,33434,Management,B,230
Fundamental Research,2667-3258,435947,Management,B,853
Gender & Society,0891-2432,8600,Management,B,230
International Journal of Management Reviews,1460-8545,11163,Management,B,230
Journal of Business Research,0148-2963,4582,Management,B,230
Journal of Management Inquiry,1056-4926,711,Management,B,230
Australian Journal of Management,0312-8962,7420,Management,C,230
BRQ Business Research Quarterly,2340-9444,318641,Management,C,230
Business Horizons,0007-6813,3792,Management,C,230
Canadian Journal of Administrative Sciences,0825-0383,12905,Management,C,230
Corporate Social Responsibility and Environmental Management,1535-3958,12220,Management,C,230
European Business Review,0955-534X,10023,Management,C,230
European Management Journal,0263-2373,5598,Management,C,230
European Management Review,1740-4754,7490,Management,C,230
International Studies of Management & Organization,0020-8825,64770,Management,C,554
Journal of General Management,0306-3070,67302,Management,C,371
Journal of Intellectual Capital,1469-1930,10148,Management,C,371
Management Decision,0025-1747,10045,Management,C,371
Review of Managerial Science,1863-6683,4009,Management,C,371
Scandinavian Journal of Management,0956-5221,5036,Management,C,371
Schmalenbach Journal of Business Research,2366-6153,83929,Management,C,371
Sex Roles,0360-0025,3341,Management,C,371
Society and Business Review,1746-5680,10081,Management,C,371
Baltic Journal of Management,1746-5265,10073,Management,D,371
Journal of Management and Governance,1385-3457,529,Management,D,371
Management Research Review,2040-8277,10244,Management,D,371
American Economic Review,0002-8282,34808,Economics,A,371
Econometrica,0012-9682,32097,Economics,A,371
Economic Journal,0013-0133,11869,Economics,A,371
International Economic Review,0020-6598,6495,Economics,A,371
Journal of Economic Perspectives,0895-3309,34807,Economics,A,371
Journal of Political Economy,0022-3808,33281,Economics,A,215
Journal of the European Economic Association,1542-4766,6884,Economics,A,371
Quarterly Journal of Economics,0033-5533,10508,Economics,A,371
Review of Economic Studies,0034-6527,10506,Economics,A,371
Review of Economics and Statistics,0034-6535,32137,Economics,A,371
Cambridge Journal of Economics,0309-166X,10475,Economics,B,371
Canadian Journal of Economics,0008-4085,11125,Economics,B,371
Economic Inquiry,0095-2583,5919,Economics,B,371
Economica,0013-0427,4510,Economics,B,371
Economics Letters,0165-1765,6922,Economics,B,371
European Economic Review,0014-2921,6869,Economics,B,371
Journal of Law & Economics,0022-2186,33317,Economics,B,371
"Journal of Law, Economics & Organization",8756-6222,10487,Economics,B,371
Kyklos,0023-5962,6780,Economics,B,371
Oxford Economic Papers,0030-7653,10489,Economics,B,371
Quantitative Economics,1759-7323,32099,Economics,B,371
American Law and Economics Review,1465-7252,10420,Economics,C,371
Annual Review of Economics,1941-1383,34187,Economics,C,371
Contemporary Economic Policy,1074-3529,5938,Economics,C,371
Defence and Peace Economics,1024-2694,16359,Economics,C,371
Economic Record,0013-0249,4544,Economics,C,371
Economics and Philosophy,0266-2671,19032,Economics,C,371
European Journal of Political Economy,0176-2680,6631,Economics,C,371
German Economic Review,1465-6485,4052,Economics,C,371
International Review of Law and Economics,0144-8188,7304,Economics,C,371
Journal of Business Economics,1861-8928,1367,Economics,C,371
Journal of Cultural Economics,0885-2545,6317,Economics,C,371
Journal of Economic Issues,0021-3624,67031,Economics,C,371
Journal of Economics,0931-8658,2904,Economics,C,371
Journal of Institutional Economics,1744-1374,19413,Economics,C,371
Journal of Pension Economics & Finance,1474-7472,19081,Economics,C,371
Journal of Public Economic Theory,1097-3923,5346,Economics,C,371
Oxford Review of Economic Policy,0266-903X,10479,Economics,C,371
Public Choice,0048-5829,3828,Economics,C,371
Review of Political Economy,0953-8259,17076,Economics,C,371
Scandinavian Journal of Economics,0347-0520,6194,Economics,C,371
Southern Economic Journal,0038-4038,85507,Economics,C,371
Australian Economic Review,0004-9018,3656,Economics,D,371
China Economic Quarterly International,2666-9331,435570,Economics,D,371
De Economist,0013-063X,6123,Economics,D,371
Eastern Economic Journal,0094-5056,10637,Economics,D,215
Economics of Governance,1435-6104,2724,Economics,D,371
European Journal of Economics and Economic Policies: Intervention,2052-7764,153948,Economics,D,371
European Journal of Law and Economics,0929-1261,1218,Economics,D,371
International Journal of Political Economy,0891-1916,64446,Economics,D,866
International Studies of Economics,2831-3224,494899,Economics,D,230
Japanese Economic Review,1352-4739,5108,Economics,D,230
Journal of Competition Law & Economics,1744-6414,10427,Economics,D,230
Journal of Media Economics,0899-7764,16512,Economics,D,215
Research in Economics,1090-9443,6792,Economics,D,230
Review of Austrian Economics,0889-3047,4754,Economics,D,230
Review of Law & Economics,1555-5879,32541,Economics,D,215
Review of Radical Political Economics,0486-6134,3345,Economics,D,215
SERIEs: Journal of the Spanish Economic Association,1869-4187,5533,Economics,D,866
Journal of Consumer Research,0093-5301,33285,Marketing,A,866
Journal of Marketing,0022-2429,32063,Marketing,A,866
Journal of Marketing Research,0022-2437,32064,Marketing,A,866
Marketing Science,0732-2399,18334,Marketing,A,866
European Journal of Marketing,0309-0566,10008,Marketing,B,866
Industrial Marketing Management,0019-8501,7752,Marketing,B,866
International Journal of Research in Marketing,0167-8116,4164,Marketing,B,866
International Marketing Review,0265-1335,10001,Marketing,B,866
Journal of Advertising,0091-3367,35418,Marketing,B,866
Journal of Advertising Research,0021-8499,66319,Marketing,B,866
Journal of Consumer Psychology,1057-7408,2880,Marketing,B,866
Journal of Interactive Marketing,1094-9968,6505,Marketing,B,866
Journal of International Marketing,1069-031X,32065,Marketing,B,866
Journal of Public Policy & Marketing,0743-9156,32066,Marketing,B,866
Journal of Retailing,0022-4359,7574,Marketing,B,866
Journal of Service Research,1094-6705,1877,Marketing,B,866
Journal of the Academy of Marketing Science,0092-0703,5097,Marketing,B,866
Marketing Letters,0923-0645,4684,Marketing,B,866
Marketing Theory,1470-5931,2943,Marketing,B,866
Psychology & Marketing,0742-6046,12416,Marketing,B,866
Quantitative Marketing and Economics,1570-7156,5163,Marketing,B,866
Business Process Management Journal,1463-7154,10041,Marketing,C,866
Consumption Markets & Culture,1025-3866,17446,Marketing,C,72
International Journal of Advertising,0265-0487,63802,Marketing,C,215
International Journal of Consumer Studies,1470-6423,4462,Marketing,C,215
International Journal of Market Research,1470-7853,64304,Marketing,C,215
International Journal of Retail & Distribution Management,0959-0552,9984,Marketing,C,215
Journal of Brand Management,1350-231X,10614,Marketing,C,215
Journal of Business & Industrial Marketing,0885-8624,10054,Marketing,C,215
Journal of Business-to-Business Marketing,1051-712X,16104,Marketing,C,554
Journal of Communication,0021-9916,5866,Marketing,C,215
Journal of Consumer Affairs,0022-0078,5854,Marketing,C,215
Journal of Consumer Behaviour,1472-0817,12742,Marketing,C,215
Journal of Consumer Marketing,0736-3761,10009,Marketing,C,215
Journal of Global Marketing,0891-1762,16110,Marketing,C,866
Journal of Macromarketing,0276-1467,1091,Marketing,C,215
Journal of Marketing Management,0267-257X,16058,Marketing,C,215
Journal of Marketing Theory and Practice,1069-6679,67881,Marketing,C,215
Journal of Personal Selling and Sales Management,0885-3134,68194,Marketing,C,215
Journal of Retailing and Consumer Services,0969-6989,1512,Marketing,C,215
Journal of Service Management,1757-5818,10229,Marketing,C,215
Journal of Service Theory and Practice,2055-6225,68498,Marketing,C,215
Journal of Services Marketing,0887-6045,10156,Marketing,C,215
Journal of Strategic Marketing,0965-254X,17221,Marketing,C,866
Service Industries Journal,0264-2069,16668,Marketing,C,554
Australasian Marketing Journal,1441-3582,7558,Marketing,D,371
Corporate Reputation Review,1363-3589,10609,Marketing,D,371
International Journal of Bank Marketing,0265-2323,10002,Marketing,D,371
"International Review of Retail, Distribution and Consumer Research",0959-3969,17044,Marketing,D,554
International Review on Public and Nonprofit Marketing,1865-1984,7542,Marketing,D,215
Journal of Consumer Policy,0168-7034,5676,Marketing,D,215
Journal of Customer Behaviour,1475-3928,102526,Marketing,D,72
Journal of Financial Services Marketing,1363-0539,10611,Marketing,D,72
Journal of Inter-Organizational Relationships,2694-3980,436718,Marketing,D,554
Journal of Marketing Communications,1352-7266,17045,Marketing,D,554
Journal of Product and Brand Management,1061-0421,10014,Marketing,D,215
Journal of Relationship Marketing,1533-2667,16258,Marketing,D,554
Marketing Intelligence and Planning,0263-4503,10119,Marketing,D,215
Qualitative Market Research,1352-2752,10141,Marketing,D,215
Review of Marketing Science,1546-5616,32544,Marketing,D,215
Service Business,1862-8516,2745,Marketing,D,215
INFORMS Journal on Computing,1091-9856,18333,Management,A,215
Mathematical Programming,0025-5610,2250,Management,A,215
Mathematics of Operations Research,0364-765X,18336,Management,A,215
Operations Research,0030-364X,18337,Management,A,215
ACM Transactions on Modeling and Computer Simulation,1049-3301,1436,Management,B,215
Annals of Operations Research,0254-5330,3435,Management,B,215
Computers & Industrial Engineering,0360-8352,7087,Management,B,866
Computers & Operations Research,0305-0548,7101,Management,B,866
Decision Analysis,1545-8490,18341,Management,B,866
Decision Sciences,0011-7315,6706,Management,B,866
Group Decision and Negotiation,0926-2644,1282,Management,B,866
IEEE Transactions on Cybernetics,2168-2267,31911,Management,B,866
IEEE Transactions on Evolutionary Computation,1089-778X,375,Management,B,866
"IEEE Transactions on Systems, Man and Cybernetics: Systems",2168-2216,31926,Management,B,866
INFORMS Journal on Applied Analytics,2644-0865,387681,Management,B,866
INFORMS Journal on Optimization,2575-1484,338044,Management,B,866
International Journal of Forecasting,0169-2070,5949,Management,B,866
International Journal of Information Technology & Decision Making,0219-6220,39434,Management,B,554
Journal of Global Optimization,0925-5001,955,Management,B,554
Journal of Heuristics,1381-1231,1983,Management,B,554
Journal of Management Science and Engineering,2096-2320,369794,Management,B,554
Journal of Optimization Theory and Applications,0022-3239,6290,Management,B,554
Journal of Scheduling,1094-6136,1325,Management,B,554
Journal of the Operational Research Society,0160-5682,10592,Management,B,554
Judgment and Decision Making,1930-2975,69439,Management,B,554
Naval Research Logistics,0894-069X,12577,Management,B,554
Omega,0305-0483,5989,Management,B,554
Operations Research Letters,0167-6377,2249,Management,B,554
OR Spectrum,0171-6468,8555,Management,B,554
SIAM Journal on Computing,0097-5397,32248,Management,B,554
SIAM Journal on Optimization,1052-6234,32254,Management,B,554
4OR,1619-4500,2728,Management,C,554
Asia-Pacific Journal of Operational Research,0217-5959,39453,Management,C,554
Computational Optimization and Applications,0926-6003,1550,Management,C,554
Decision,0304-0941,35703,Management,C,554
Evolutionary Computation,1063-6560,32143,Management,C,554
Flexible Services and Manufacturing Journal,1936-6582,2052,Management,C,554
Fuzzy Optimization and Decision Making,1568-4539,7363,Management,C,554
Grey Systems:Theory and Application,2043-9377,9937,Management,C,554
International Journal of General Systems,0308-1079,17455,Management,C,554
International Journal of Management Science and Engineering Management,1750-9653,64299,Management,C,554
International Transactions in Operational Research,0969-6016,7404,Management,C,554
Journal of Forecasting,0277-6693,13036,Management,C,554
Journal of Management Analytics,2327-0012,67856,Management,C,554
Journal of Systems Engineering and Electronics,1004-4132,31726,Management,C,215
Journal of Systems Science and Complexity,1009-6124,892,Management,C,215
Journal of Systems Science and Systems Engineering,1004-3756,824,Management,C,554
JournalÂ ofÂ theÂ OperationsÂ ResearchÂ SocietyÂ ofÂ China,2194-668X,35655,Management,C,215
Mathematical Methods of Operations Research,1432-2994,1854,Management,C,215
Stochastic Systems,1946-5238,35937,Management,C,215
System Dynamics Review,0883-7066,12551,Management,C,215
Systems Research and Behavioral Science,1092-7026,12944,Management,C,215
Central European Journal of Operations Research,1435-246X,1873,Management,D,215
Computational Management Science,1619-697X,3145,Management,D,215
INFOR,0315-5986,38752,Management,D,215
"Journal of Data, Information and Management",2524-6356,370533,Management,D,72
Journal of Multi-Criteria Decision Analysis,1057-9214,12235,Management,D,72
Journal of Systems Science and Information,1478-9906,343676,Management,D,72
Optimization,0233-1934,16276,Management,D,72
Journal of Operations Management,0272-6963,1201,Management,A,72
Manufacturing & Service Operations Management,1523-4614,18342,Management,A,72
Production and Operations Management,1059-1478,1886,Management,A,72
International Journal of Operations & Production Management,0144-3577,10126,Management,B,72
International Journal of Physical Distribution & Logistics Management,0960-0035,10118,Management,B,72
International Journal of Production Economics,0925-5273,4444,Management,B,72
International Journal of Production Research,0020-7543,16832,Management,B,72
Journal of Business Logistics,0735-3766,12263,Management,B,72
Journal of Purchasing and Supply Management,1478-4092,5199,Management,B,866
Journal of Supply Chain Management,1523-2409,5431,Management,B,866
Production Planning and Control,0953-7287,15735,Management,B,72
Service Science,2164-3962,18340,Management,B,866
Supply Chain Management,1359-8546,10165,Management,B,866
International Journal of Logistics Management,0957-4093,10063,Management,C,866
International Journal of Logistics Research and Applications,1367-5567,17142,Management,C,866
Journal of Manufacturing Technology Management,1741-038X,9966,Management,D,866
Modern Supply Chain Research and Applications,2631-3871,388766,Management,D,866
TQM Journal,1754-2731,87903,Management,D,866
Strategic Management Journal,0143-2095,12230,Management,A,866
Global Strategy Journal,2042-5791,12272,Management,B,866
Long Range Planning,0024-6301,1686,Management,B,866
Strategic Organization,1476-1270,7765,Management,B,866
Strategy Science,2333-2050,130794,Management,B,866
Benchmarking,1463-5771,10035,Management,C,371
Business Strategy Review,0955-6419,4402,Management,C,371
Journal of Business Strategy,0275-6668,10060,Management,C,371
M@n@gement,1286-4692,36186,Management,C,371
Journal of Change Management,1469-7017,16589,Management,D,371
Journal of Strategy and Management,1755-425X,10222,Management,D,371
Strategic Change,1099-1697,12806,Management,D,371
Strategy & Leadership,1087-8572,10138,Management,D,371
Journal of Environmental Economics and Management,0095-0696,1142,Management,A,371
Climate Policy,1469-3062,16461,Management,B,371
Ecological Economics,0921-8009,6352,Management,B,371
Energy Economics,0140-9883,7335,Management,B,371
Energy Journal,0195-6574,56910,Management,B,371
Energy Policy,0301-4215,7438,Management,B,371
Environment and Development Economics,1355-770X,19035,Management,B,371
Environment and Planning A: Economy and Space,0308-518X,39294,Management,B,371
Environment and Planning B: Urban Analytics and City Science,2399-8091,309516,Management,B,371
Environment and Planning D: Society and Space,0263-7758,39296,Management,B,371
Environmental and Resource Economics,0924-6460,4154,Management,B,371
Environmental Science & Policy,1462-9011,4290,Management,B,371
Global Environmental Change,0959-3780,4175,Management,B,371
Journal of Environmental Planning and Management,0964-0568,16822,Management,B,371
Journal of Industrial Ecology,1088-1980,7099,Management,B,371
Journal of the Association of Environmental and Resource Economists,2333-5955,68765,Management,B,371
Land Economics,0023-7639,70251,Management,B,371
Resource and Energy Economics,0928-7655,2117,Management,B,371
Review of Environmental Economics and Policy,1750-6816,10524,Management,B,371
Water Resources Research,0043-1397,32191,Management,B,371
Annual Review of Resource Economics,1941-1340,34188,Management,C,371
Australasian Journal of Environmental Management,1448-6563,15787,Management,C,371
Carbon Management,1758-3004,35762,Management,C,371
Climate Change Economics,2010-0078,39488,Management,C,371
"Energy, Ecology and Environment",2363-7692,134787,Management,C,371
Environment and Planning C: Politics and Space,2399-6552,250354,Management,C,371
Journal of Environmental Management,0301-4797,1836,Management,C,371
Land Use Policy,0264-8377,1523,Management,C,554
"Chinese Journal of Population, Resources and Environment ",2325-4262,178130,Management,D,215
Energy and Climate Change,2666-2787,395052,Management,D,866
Environmental and Ecological Statistics,1352-8505,2446,Management,D,866
Environmental Economics and Policy Studies,1432-847X,2026,Management,D,866
Environmental Impact Assessment Review,0195-9255,6116,Management,D,866
Environmental Modeling & Assessment,1420-2026,6411,Management,D,866
"International Environmental Agreements : Politics , Law and Economics",1567-9764,9533,Management,D,866
International Journal of Energy Sector Management,1750-6220,10181,Management,D,866
Journal of Cleaner Production,0959-6526,835,Management,D,866
Sustainable Futures,2666-1888,392435,Management,D,853
Journal of Organizational Behavior,0894-3796,12453,Management,A,72
Organization Science,1047-7039,18338,Management,A,72
Organization Studies,0170-8406,7780,Management,A,72
Gender Work and Organization,1468-0432,4087,Management,B,72
Group & Organization Management,1059-6011,721,Management,B,72
Human Relations,0018-7267,6861,Management,B,72
Leadership Quarterly,1048-9843,3270,Management,B,72
Management and Organization Review,1740-8776,11409,Management,B,72
Management Learning,1350-5076,2070,Management,B,72
Organization,1350-5084,2036,Management,B,72
Organization & Environment,1086-0266,1599,Management,B,72
Organizational Research Methods,1094-4281,7024,Management,B,72
Research in Organizational Behavior,0191-3085,6992,Management,B,215
European Journal of Work and Organizational Psychology,1359-432X,17073,Management,C,215
Group Processes & Intergroup Relations,1368-4302,7010,Management,C,215
Human Factors,0018-7208,28,Management,C,215
Journal of Applied Behavioral Science,0021-8863,7464,Management,C,215
Journal of Organizational Behavior Management,0160-8061,16246,Management,C,215
Journal of Organizational Change Management,0953-4814,10159,Management,C,215
Journal of Professions and Organization,2051-8803,37896,Management,C,215
Management Communication Quarterly,0893-3189,1418,Management,C,215
Negotiation Journal,0748-4526,11411,Management,C,215
Organizational Dynamics,0090-2616,7694,Management,C,866
Culture and Organization,1475-9551,16396,Management,D,554
Leadership,1742-7150,3902,Management,D,215
Learning Organization,0969-6474,10163,Management,D,215
